<?xml version="1.0" encoding="UTF-8"?>
<project-private xmlns="http://www.netbeans.org/ns/project-private/1">
    <editor-bookmarks xmlns="http://www.netbeans.org/ns/editor-bookmarks/2" lastBookmarkId="0"/>
    <open-files xmlns="http://www.netbeans.org/ns/projectui-open-files/2">
        <group>
            <file>file:/C:/Users/geeta%20sundli/Desktop/Library%20Management%20System/src/AdminLogin.java</file>
            <file>file:/C:/Users/geeta%20sundli/Desktop/Library%20Management%20System/src/MLOBooksAHP.java</file>
            <file>file:/C:/Users/geeta%20sundli/Desktop/Library%20Management%20System/src/Issue.java</file>
            <file>file:/C:/Users/geeta%20sundli/Desktop/Library%20Management%20System/src/SuccessUHP.java</file>
            <file>file:/C:/Users/geeta%20sundli/Desktop/Library%20Management%20System/src/PayFineAHP.java</file>
            <file>file:/C:/Users/geeta%20sundli/Desktop/Library%20Management%20System/src/IssueRequestAHP.java</file>
            <file>file:/C:/Users/geeta%20sundli/Desktop/Library%20Management%20System/src/OverdueAHP.java</file>
            <file>file:/C:/Users/geeta%20sundli/Desktop/Library%20Management%20System/src/ReportsAHP.java</file>
            <file>file:/C:/Users/geeta%20sundli/Desktop/Library%20Management%20System/src/AddBookMovie.java</file>
            <file>file:/C:/Users/geeta%20sundli/Desktop/Library%20Management%20System/src/AdminHomePage.java</file>
            <file>file:/C:/Users/geeta%20sundli/Desktop/Library%20Management%20System/src/MLOMembershipAHP.java</file>
            <file>file:/C:/Users/geeta%20sundli/Desktop/Library%20Management%20System/src/isBookAvailableAHP.java</file>
            <file>file:/C:/Users/geeta%20sundli/Desktop/Library%20Management%20System/src/Transactions.java</file>
            <file>file:/C:/Users/geeta%20sundli/Desktop/Library%20Management%20System/src/OverdueUHP.java</file>
            <file>file:/C:/Users/geeta%20sundli/Desktop/Library%20Management%20System/src/UpdateBookMovie.java</file>
            <file>file:/C:/Users/geeta%20sundli/Desktop/Library%20Management%20System/src/MLOMoviesAHP.java</file>
            <file>file:/C:/Users/geeta%20sundli/Desktop/Library%20Management%20System/src/IssueAHP.java</file>
            <file>file:/C:/Users/geeta%20sundli/Desktop/Library%20Management%20System/src/SuccessAHP.java</file>
            <file>file:/C:/Users/geeta%20sundli/Desktop/Library%20Management%20System/src/LoginPage.java</file>
            <file>file:/C:/Users/geeta%20sundli/Desktop/Library%20Management%20System/src/Maintanance.java</file>
            <file>file:/C:/Users/geeta%20sundli/Desktop/Library%20Management%20System/src/MLOMoviesUHP.java</file>
            <file>file:/C:/Users/geeta%20sundli/Desktop/Library%20Management%20System/src/ActiveIssuesAHP.java</file>
            <file>file:/C:/Users/geeta%20sundli/Desktop/Library%20Management%20System/src/UserHomePage.java</file>
            <file>file:/C:/Users/geeta%20sundli/Desktop/Library%20Management%20System/src/isBookAvailableUHP.java</file>
            <file>file:/C:/Users/geeta%20sundli/Desktop/Library%20Management%20System/src/ReturnBookAHP.java</file>
            <file>file:/C:/Users/geeta%20sundli/Desktop/Library%20Management%20System/src/PayFineUHP.java</file>
            <file>file:/C:/Users/geeta%20sundli/Desktop/Library%20Management%20System/src/MLOMembershipUHP.java</file>
            <file>file:/C:/Users/geeta%20sundli/Desktop/Library%20Management%20System/src/TransactionsAHP.java</file>
            <file>file:/C:/Users/geeta%20sundli/Desktop/Library%20Management%20System/src/ReturnBookUHP.java</file>
            <file>file:/C:/Users/geeta%20sundli/Desktop/Library%20Management%20System/src/MLOBooksUHP.java</file>
            <file>file:/C:/Users/geeta%20sundli/Desktop/Library%20Management%20System/src/UpdateMembership.java</file>
            <file>file:/C:/Users/geeta%20sundli/Desktop/Library%20Management%20System/src/IssueRequestUHP.java</file>
            <file>file:/C:/Users/geeta%20sundli/Desktop/Library%20Management%20System/src/ActiveIssuesUHP.java</file>
            <file>file:/C:/Users/geeta%20sundli/Desktop/Library%20Management%20System/src/UserManagement.java</file>
            <file>file:/C:/Users/geeta%20sundli/Desktop/Library%20Management%20System/src/AddMembership.java</file>
            <file>file:/C:/Users/geeta%20sundli/Desktop/Library%20Management%20System/src/Reports.java</file>
        </group>
    </open-files>
</project-private>
